customer_id,gender,age,city
13542,F,56,New Oliviaberg
23188,M,59,Port Matthew
55098,F,64,West Sarah
65208,M,34,Hernandezburgh
63872,F,33,Jenkinshaven
29989,F,21,East Tonyaberg
79809,M,57,North Jessicabury
27282,F,60,Aliciaberg
41394,F,69,West Larrymouth
48695,F,34,Lake Ian
27389,M,26,Elizabethmouth
74067,M,37,Melanieberg
49331,M,32,Allisonland
61360,M,60,Myershaven
24426,M,67,South Tonya
10486,F,54,Port Allisonfort
75474,M,73,Levyport
79898,M,68,Fullerland
41736,Unknown,72,North Anthony
69719,F,29,North Whitneytown
93992,Unknown,29,West Cynthiaton
65011,F,42,East Christopher
80441,M,52,Port Danielleview
95874,Unknown,48,East Christopherborough
11145,M,34,Douglasport
81289,M,60,North Jamesside
36732,M,42,North Carrie
33678,M,29,Port Kenneth
71289,M,50,East Kylie
86746,M,62,Mendezburgh
23094,M,56,Kristenland
30037,F,28,Lake Sarah
61642,M,19,Fryeberg
52189,F,49,Lake Michael
71248,M,42,North Mary
14872,M,32,Cynthiaport
46992,F,30,East Corytown
21565,F,43,Martinezview
26160,Unknown,25,North Terrancehaven
35007,Unknown,65,Lake Rhondatown
93989,M,70,Williamston
37401,F,63,Lake Jeffrey
82700,M,55,New Carolfort
38245,Unknown,36,Franklinmouth
76140,M,65,New Terri
63313,F,59,Jeffreyview
10299,F,33,Teresaville
32232,M,55,Mcdonaldmouth
48690,F,18,West Geraldhaven
94108,F,72,Bowmanmouth
54503,F,42,Walkerland
69170,M,62,Port Patriciashire
68220,F,50,Jacobburgh
53004,M,20,New Brittanytown
57158,M,59,Woodshaven
15676,M,72,Rachelland
34358,M,50,Gonzalezshire
83983,M,55,Blakeshire
56955,M,24,Whitakerview
73293,Unknown,72,Port Thomaston
68416,F,44,New Jeremy
51031,F,50,Lake Nancy
49701,F,63,Lake Jasmineport
32080,M,18,Garrisonberg
13112,Unknown,35,South Katherineside
27303,M,26,Mccallhaven
89064,F,74,Lake Teresafurt
76490,F,48,Roymouth
45081,Unknown,55,East Charles
65624,Unknown,63,West Krista
94700,M,23,Hobbston
73009,M,29,Jacobfurt
55865,M,64,New Felicia
75453,F,33,Spencerside
47548,F,36,West Jacob
85352,M,38,East Ana
99624,M,20,West Louis
53811,F,52,Port Cristianfort
59944,M,51,Lake Charlestown
20770,Unknown,44,Moranland
95322,M,43,Marcusville
44293,Unknown,72,West Sandrachester
11849,Unknown,23,South Scott
79537,F,30,Anthonyborough
22604,M,47,East Russellville
36231,M,72,Port Richardfurt
64684,M,53,New Brooke
64326,F,63,Rachelburgh
82168,F,44,West Matthewton
63919,M,54,Jeffreyville
54901,F,23,Stacieberg
97350,M,70,West Kathleen
45435,F,25,Port Hectorbury
92572,M,60,East David
10539,F,44,Anthonyport
94316,M,18,Garzachester
64578,M,54,Lake Kristy
77823,F,34,South Roger
67215,M,71,Codyburgh
50937,F,46,Stevensonside
66782,F,48,Hardingfort
72081,F,63,Trevinoland
58706,F,65,Lake Cody
61717,F,57,East Alyssa
48366,F,48,Moraleshaven
26652,F,48,Danielstad
49861,M,46,Brianburgh
70446,M,56,Amyhaven
66861,F,20,Reynoldsborough
33496,M,71,Port Ginaside
65546,F,65,Davidton
58032,F,22,Lake Sethfurt
52835,F,31,North Davidchester
54614,M,61,Stephanieshire
47601,Unknown,24,South Ashleyshire
39945,M,75,North Christinaview
44020,F,62,New Michaeltown
89883,F,66,East Justin
51106,M,38,New Carol
39236,M,47,Osborneland
39267,F,74,North Danielburgh
20814,M,65,South Melodystad
62697,M,25,Murrayville
45453,M,63,West Michaelton
41166,F,61,North Matthew
12817,M,40,North Angela
86435,F,48,Christopherport
16539,M,21,Kathleenton
32285,M,43,West Danielborough
73165,F,48,Mariaborough
28298,F,18,Port Denisemouth
77934,Unknown,27,Holmesland
42115,F,55,North Johnland
10254,M,73,Port Christine
39027,M,23,Russellton
30197,Unknown,39,Port George
83687,F,52,Melanieborough
88015,M,62,Kathleenview
84063,F,43,Scottfort
50447,M,22,Kathyton
29786,F,23,South Brianstad
79948,F,66,South Caroline
68238,M,68,New Brandon
66682,F,42,Cartermouth
47971,F,47,East Dawn
54869,F,42,Martinburgh
28063,Unknown,26,Robertsbury
99909,F,37,Sheltonmouth
77523,Unknown,21,Danielfurt
60807,F,39,East Andrea
77884,F,41,Shortmouth
76854,F,64,Andrewmouth
35603,F,68,Lake Brent
14361,Unknown,23,Robertbury
99182,F,23,Garciahaven
57585,F,50,Lauraburgh
75434,M,21,Craigmouth
49651,M,19,West Elizabethbury
80835,F,40,Lake Carla
46326,M,31,Andersonchester
11108,F,58,South Jeffrey
82916,F,73,New Alicia
37787,M,35,West Mariaton
43043,F,24,East Justintown
74956,M,58,Kristenberg
62833,F,71,East Matthew
93806,F,37,Donaldhaven
12572,M,46,North Zacharytown
87787,M,67,East Daniel
77178,M,61,Lake Ryanland
70476,M,32,West Amandamouth
66492,M,30,Port Thomas
62824,F,63,Port Jo
85614,F,70,Harrisberg
89312,M,31,Veronicaburgh
59644,M,61,Cynthiaburgh
77706,Unknown,33,Edwardstad
69355,M,18,South Susanstad
30464,F,25,Derekside
77850,F,30,Lake Sharonstad
96195,M,27,Port Matthew
17277,F,70,Lake Michaelhaven
48665,M,65,South Huntermouth
55003,M,74,Englishmouth
98322,F,60,North Alexis
46001,M,40,Hayesshire
56829,M,59,West Justinburgh
15545,F,65,Johnsonborough
21109,M,37,Sellersland
59875,Unknown,49,Sherylfort
71005,M,28,Grahamhaven
77455,M,64,Joshuamouth
16285,F,59,Savannahmouth
20485,M,44,Gregoryview
56705,M,38,Michellefort
25974,F,71,East Marymouth
99133,F,26,Brianfort
60024,F,71,Port Suzannebury
53269,M,54,New Amyfurt
23687,F,68,New Peterport
16821,F,68,Port Jeremyfurt
25702,M,40,New Brian
24054,F,26,Lake Michaelfort
85558,F,60,South Lauramouth
98627,F,25,Taylorport
32058,M,28,East Christopherfurt
28608,M,51,Annaborough
58103,M,18,Nicholasfurt
25747,F,64,Amandaborough
75314,F,24,Shawnview
33743,F,64,New Jonathan
21731,M,34,Lake Annburgh
66977,M,67,Henryborough
25952,F,73,Amandafort
80882,F,32,Mitchellfort
27123,F,18,Saunderston
60144,M,65,Marshallside
85940,M,37,East Kimberlyshire
53860,F,62,West Thomas
32569,Unknown,26,Port Catherine
72236,F,47,Lake Jessefort
79004,M,50,Sarahtown
39329,F,59,Jessicastad
53191,M,30,Jenniferberg
44035,F,39,Cassandraville
16865,Unknown,39,Port Stephanie
68850,F,58,North Elizabethbury
64425,M,22,New Ronniebury
52324,M,64,New Patriciaville
11008,M,58,Lake Emilymouth
47725,F,36,Bradleyview
18819,F,70,Wesleyborough
95354,Unknown,30,Shawberg
48878,F,75,Kellymouth
44704,F,62,Mccannfurt
88424,F,44,West Timothy
73269,F,24,Conniebury
38565,M,50,Nicoletown
33851,F,48,Mcdanielchester
76010,F,51,Stevenfurt
75278,Unknown,59,Javierview
51458,F,19,Mcintyreburgh
21004,M,30,Lake Catherine
50813,Unknown,70,East Hannah
51301,M,43,Henrystad
23601,Unknown,57,East William
12469,M,35,Riveraview
77150,F,69,Anthonyside
11829,M,41,Brendaton
44470,F,61,Lake Triciaburgh
94532,F,41,Port Lisa
55184,M,23,Port Edward
51963,M,61,Lake Rachaelside
56464,M,44,Jonathanport
58911,F,72,Ashleyfort
92232,M,33,Adamsfort
67837,F,39,West Amyhaven
23747,Unknown,36,Tammymouth
22228,F,62,Barryton
89639,M,25,Pierceport
10848,F,67,Vickimouth
39860,F,53,Port Josephview
38512,M,34,Huntershire
73069,M,38,Valerieview
25229,F,27,Anthonybury
32206,M,28,North Juliaborough
47231,M,23,Port Elizabeth
97281,M,32,Ramirezton
30321,Unknown,59,Alvaradoview
43115,M,65,New Joshua
12858,M,28,Port Briana
56081,M,38,Kennethton
54630,F,64,Port Steve
99272,M,66,South Becky
99923,Unknown,66,Port Thomasstad
29197,M,49,Lake Anne
91976,M,74,Fernandezside
69112,F,29,North Heatherborough
41492,M,74,Kathrynton
72727,F,42,Brownland
35088,M,50,Port Michelle
67667,M,37,Ericville
42238,F,55,Lake Sara
25852,M,21,Jamesside
79864,M,36,Jennifermouth
17044,M,47,New Mindymouth
96947,M,35,Jonesport
63024,F,73,Kimberlymouth
38096,M,58,Georgeville
50848,M,65,Michaelside
37762,M,32,New Steven
70317,F,27,Elliottfort
88802,Unknown,56,Sandrafurt
86646,F,55,New Kelly
84845,M,71,Mejiahaven
29895,M,47,Ramirezmouth
48604,M,36,Port Sandra
54625,Unknown,70,West Tyler
10403,M,65,Lake Kimberlyburgh
46059,F,40,Lake Tracy
82793,F,49,Ravenland
90952,Unknown,60,Rachelborough
91742,M,28,Brandichester
44592,Unknown,66,Laurenmouth
53649,F,56,Rebeccahaven
45831,F,74,Sanchezside
80435,M,41,Kennethfort
14447,F,69,Peterston
32331,F,61,Mitchellhaven
72286,M,58,Robinhaven
78768,M,49,Cantumouth
26392,F,73,Port Wandashire
16669,M,34,Nancytown
29275,M,68,Port Tracystad
69068,M,71,West Tamiville
37813,F,24,Phillipsborough
48519,M,67,Lewisburgh
29305,M,23,Port Taraburgh
81394,F,52,Cameronstad
26545,F,54,Millerhaven
98794,F,57,East Alexandriashire
87690,Unknown,41,East Kristen
52213,M,57,Lake Joseph
49232,F,53,Joshuaton
79470,M,41,Paulborough
20522,F,31,Toddmouth
56073,M,57,Lake Jennifer
41063,F,27,South Jerry
62699,M,36,Michaelchester
25889,F,51,West Kristinehaven
71237,F,57,Brentbury
34740,F,44,Port Jackview
37821,F,37,Port Robertchester
43279,M,26,Anthonyville
54459,M,35,Michellebury
71713,M,50,Floydchester
55426,Unknown,69,East Josestad
79928,Unknown,50,East Chris
52566,F,31,West Jessica
49956,M,24,Audreystad
79476,M,25,North Cristianview
52052,F,20,North Benjaminton
45326,M,41,Lake Joanna
38806,M,62,Lake Brentfurt
46244,M,62,Lake Ellen
39858,M,19,West Jimmystad
51679,Unknown,32,Williamsfort
10201,Unknown,23,Leeborough
98074,F,47,East Jason
82077,M,37,Brandyborough
20351,F,62,North Dana
24734,F,39,Monicaland
87219,Unknown,25,Sanchezborough
20393,M,68,South Elizabethport
84575,M,68,Perezmouth
38523,M,60,Rodgersfurt
90933,M,65,North Erikbury
53977,F,43,South Taylorchester
50771,F,24,Garciaville
21473,M,56,Aprilton
93130,M,38,Eddiefurt
85009,M,21,Janetfort
53070,F,68,Jefferyshire
36125,M,30,Rossview
76563,F,59,Moniquemouth
35219,M,21,East Lucas
39825,Unknown,50,New Isaacmouth
32037,M,42,South Holly
13595,Unknown,25,East Andrew
58789,M,72,Lauraberg
80473,M,44,Lake Brittanyburgh
15625,F,45,Williamsfort
71490,M,45,Robertton
66073,M,40,Andersonview
49765,M,35,Jensenstad
83207,M,56,New Edwardville
55540,F,23,Villanuevaburgh
15824,Unknown,58,Vincenttown
96162,M,34,South Jeffreystad
19293,F,33,Clayfort
37972,M,53,Colemouth
11911,M,44,Lake Tiffanyfurt
66566,F,19,Michaelstad
63722,Unknown,36,East Carlos
28186,M,41,Port Christopherbury
14303,F,51,Bakerburgh
49509,F,58,Phelpsstad
24078,M,71,West Jesusville
59338,M,48,Josephton
57240,M,61,Jennachester
52736,F,49,West Jerome
58283,F,22,Colemanchester
84978,M,64,Payneside
45699,F,26,Lake Victoriafort
20938,F,40,Jordanmouth
31412,F,61,Nguyenfort
23743,M,43,Fishertown
63051,Unknown,33,South Wesley
95641,F,74,Kruegerton
93539,F,43,Gregoryville
20636,F,31,Parkerfurt
68604,F,45,North Donna
99015,M,66,Lake Paulastad
46587,M,52,South Jimmyland
17305,M,28,Cabrerashire
23570,M,35,Calebmouth
92246,F,21,Lewisburgh
75246,M,56,North Jessica
61329,M,74,Ashleychester
93329,F,44,Johnhaven
26186,M,38,Rebeccaborough
18555,M,68,Gutierreztown
57457,Unknown,37,South Shanehaven
10825,M,63,Port Marcusmouth
84991,Unknown,33,East Anthonymouth
17263,M,47,West Charlestown
43226,M,32,North David
84629,M,75,Fritzchester
55698,M,48,Lake Cynthiastad
66122,M,46,Ryanberg
24487,M,38,Brooksfort
60664,M,21,East William
46781,M,32,New Jose
47485,F,55,Tatemouth
80222,F,50,Schroederland
69990,M,49,Ericfurt
89114,M,40,New Dylan
61935,M,68,Johnnyton
96674,M,21,Reedside
37431,M,26,Lake Linda
13425,M,46,Port Luke
38547,M,61,West Courtneychester
42068,Unknown,19,Rosebury
23008,Unknown,53,Richardshire
23420,F,56,Port Adrianhaven
35117,M,60,Davidbury
79582,F,66,Hughesfort
61272,M,18,North Kathryn
67596,F,41,Melanieton
60808,M,19,Crawfordport
87513,M,44,Taylorview
30444,F,38,Alexanderborough
62506,M,65,Port Kellyview
45719,M,26,Townsendville
89715,Unknown,28,South Lauren
58368,F,23,Amandamouth
41135,M,23,Lake Emily
78277,M,38,Keithland
61065,M,25,West Rebekahland
96568,M,62,Port Melissa
14284,F,63,North Bradleymouth
90910,M,24,Johnnystad
42128,M,46,North Rebeccashire
58130,F,56,Lake Mallory
40110,M,27,North Johnny
89076,M,69,Wendychester
75860,M,63,Patriciaberg
22360,M,68,Port Maxwell
37265,F,37,Colemanmouth
23672,M,49,Aprilshire
22599,F,18,Port Sarahfort
39126,M,24,Port Alexanderton
14108,M,55,Markborough
12544,M,28,Webermouth
49580,M,30,Watsonchester
96065,F,62,Hickmanside
97353,F,31,North Jacobland
90540,M,49,Port Dawn
33770,M,42,East Frankhaven
82817,M,29,South Michael
27140,F,21,New Seth
53754,F,73,East Ericview
81512,Unknown,49,East Joshua
62597,M,54,Ramosport
40338,M,36,South Matthew
81439,F,21,Woodsport
59486,F,61,Brownbury
50145,M,34,Paulton
26849,F,27,Gardnerberg
99423,F,73,Adrianmouth
10211,F,25,Lake Michael
47342,M,59,Port Tammyberg
35152,M,64,Christopherville
28742,M,34,Christinaview
20004,M,49,Justinport
53575,M,33,Brownbury
34224,F,35,Lynnland
87467,M,38,Judithbury
89887,F,32,West Stevenburgh
71870,M,56,West Justin
63842,F,68,Nguyenmouth
97274,M,55,East Donna
23807,M,53,Jackshire
74278,Unknown,24,Harrytown
27836,F,73,Brownshire
13591,M,18,Cameronside
50980,Unknown,27,New Donnatown
53270,F,65,South Jessica
47212,M,29,Port Jordan
30090,M,20,Joshuamouth
47189,M,57,New Amy
92276,M,63,West Jesus
84661,F,38,Martineztown
62444,M,70,South Carriefurt
94912,F,70,East Robert
90560,M,69,Lake Gabriella
50437,M,34,Port Jasmin
50139,M,53,Port Vincenttown
22264,F,63,Danielton
84937,M,45,Montgomeryberg
44793,F,54,West Michellemouth
11164,Unknown,44,Yatesstad
53993,M,47,Whiteborough
15858,F,51,Jacobville
20025,M,60,North Debraland
33753,F,56,Lake Bethmouth
54627,M,42,Taraborough
92393,F,63,South Christineberg
25309,M,52,East Anthony
37422,F,22,Maddenview
99243,F,55,North Diane
26759,Unknown,44,East Loretta
77451,F,71,Andersonside
41613,F,19,Port Melissaborough
20019,Unknown,34,Jeremyview
76799,M,39,Freemanport
14911,M,74,New Madeline
42185,M,35,Lake Spencer
36989,F,48,Andersonfort
62189,F,54,Smithfort
51971,F,41,Port Johnport
42991,F,44,Stevensfurt
61358,F,51,Port Paul
40849,M,23,North Julie
65102,F,52,Port Ryanville
93663,M,53,Gonzalesside
92929,Unknown,44,Rogersfurt
17439,M,55,Marieborough
25536,Unknown,43,Lake John
45637,F,62,East Whitney
36922,M,75,Lake Brittanyberg
48551,F,69,Deborahview
62183,F,52,Jasontown
96862,M,29,Barberside
94597,F,28,Griffintown
44994,Unknown,42,Lake April
57366,F,32,West Joshuahaven
74049,F,46,West Jonathon
14046,F,24,North Amandaland
54645,F,75,Scottmouth
24024,M,55,Shanetown
57449,F,32,Luketon
87653,M,28,Johnland
76203,Unknown,61,Port Jeffrey
45679,Unknown,75,Gutierrezville
83914,Unknown,25,Holtbury
55931,F,46,East Nicole
68792,M,38,Kevinville
58848,Unknown,36,North Jennifer
13992,F,40,Karenside
33897,M,48,Port Joseph
69817,F,18,West Jennifer
88142,F,50,Carlville
43023,M,44,Lake Michaelport
76411,M,57,Port Tony
53652,F,56,Johnmouth
23300,M,66,East Mariebury
96041,M,56,Kirbyport
33156,F,60,New Danielberg
81896,M,21,New Matthew
17483,F,48,Lisafurt
56269,F,57,Leachstad
62764,M,23,Paulabury
63876,F,53,Nicolebury
76057,F,52,New Rhondaborough
28381,F,35,Loribury
62323,M,26,New Terrancetown
13120,M,59,New David
78206,M,18,North Jacob
63278,Unknown,53,Lake Matthew
77729,F,64,Julieborough
76603,F,36,Lake Toddside
61332,Unknown,39,Paulberg
16119,F,28,Williamsside
91463,F,66,Johnsonborough
85934,F,60,Edwardview
91509,F,43,Robertfort
36278,F,75,Reginachester
13725,F,26,Hughesmouth
45232,F,67,New Kyle
55539,F,59,Jasonbury
77318,M,23,Brownchester
25761,F,29,Port Andre
62981,Unknown,67,Wrightport
54917,F,62,Christopherburgh
73536,M,61,Port Ashleyview
47349,F,47,Hernandezfort
19284,F,52,Phillipsport
60712,M,57,Georgestad
92087,F,21,South Michael
99315,Unknown,39,Michelleview
10679,Unknown,53,Douglashaven
53474,F,44,Johnburgh
47962,F,22,Bryceland
39413,F,23,Wesleytown
46239,Unknown,52,Landryburgh
59603,F,28,New Melissa
92950,F,37,Austinbury
85365,M,59,Andersonshire
17937,F,53,Joetown
74288,F,25,Lake Williamfort
77157,F,61,Port Pamelatown
87140,F,28,New Joshua
54306,M,39,Jacobfort
36926,F,68,Simonfort
74490,M,65,Jamesmouth
75854,M,19,Timothychester
17341,F,20,Port Timothyshire
35822,M,57,Lake Jason
47566,F,32,South John
81133,Unknown,33,East Kristin
82756,F,73,Ricemouth
14276,M,73,East Stevenmouth
48855,F,47,Watkinsburgh
58295,M,39,Penningtonberg
24196,M,41,Timothyland
92507,M,48,Bridgetchester
57960,M,29,Connerburgh
34368,F,69,Kurtmouth
82764,F,37,Lake Scottfurt
71646,M,48,Hernandezmouth
82989,F,61,Port Marvinmouth
91997,Unknown,47,South Wanda
38807,M,63,Curryhaven
81959,M,19,Martinbury
48904,F,63,Raymondland
29007,M,24,Morrisburgh
35793,F,66,South Sharonburgh
56948,M,55,Port Christopher
65579,M,63,Cervantesland
61930,F,44,Maxwellhaven
32947,Unknown,41,Morrisonmouth
27766,Unknown,39,Lake Troyshire
21745,Unknown,54,Schultzborough
77096,M,22,Millerborough
99677,M,70,Kennethstad
39828,F,75,Markchester
84736,F,68,Denisefurt
49782,M,63,Lake Brianbury
45241,F,29,Port Stacey
13431,M,63,Port Jason
91430,F,36,Tinaport
14487,F,56,South Melinda
74218,F,52,New Natalie
37624,M,20,Dennisburgh
25561,F,31,Port Samanthafort
25091,F,20,Port Laurenfort
65398,M,33,East Codyport
37040,F,41,Matthewmouth
53928,F,35,Butlerton
81400,M,48,South Elizabeth
38645,M,27,Raymondchester
61294,M,38,Port Jameston
42912,F,21,Joshuaborough
91781,F,42,North Thomas
72072,F,51,East Annettemouth
89104,F,55,Christophertown
25897,M,29,Randallburgh
29111,F,18,Brownmouth
18651,M,29,Roychester
36373,F,50,Port Lindaton
63014,F,39,East David
90154,F,19,New Amy
81927,M,61,Dukeborough
50538,Unknown,33,North Ryanfort
31600,F,32,Lake Maryborough
50200,F,39,Lake Jason
16430,F,57,Rodriguezport
99042,F,69,Jamesfort
29306,M,41,Williamsburgh
64799,F,71,East Christopher
56589,M,18,Priceburgh
79379,F,54,East William
51171,F,19,South Tonya
48362,M,45,Guzmanside
86056,F,63,Devonmouth
90329,F,49,East Amandaside
52647,M,43,Port Timothy
60295,M,71,Joshuabury
47453,F,58,Alvaradoborough
26742,M,75,Toddton
31977,Unknown,52,North Marissa
18511,Unknown,56,West Alicia
12945,M,42,Lake Vincentview
86737,F,24,Port Matthew
67405,F,43,Morrisport
52751,M,43,Coreyfort
54453,F,19,West Samuelhaven
13011,M,69,Lunafort
67232,F,52,Meyerchester
92859,F,27,Patriciaville
51714,M,27,Karenstad
79715,F,38,West Crystal
26457,F,60,Hawkinschester
36759,F,43,Michaelfurt
59266,F,63,North Michaelborough
18191,M,26,Port Jasmine
43995,F,62,South Donna
62030,F,64,West Patriciachester
62120,F,50,East Bryanport
97308,M,64,New Melissa
86727,F,46,Patriciafort
94503,M,68,East Moniquefort
82945,M,39,Francofort
45242,F,73,Port Melissaborough
32168,F,39,Lesliemouth
43139,F,67,Veronicaland
88885,M,27,Port Emily
27584,F,51,Port Diana
89618,F,42,New Michealtown
70242,M,27,Garciamouth
11655,M,61,Navarrostad
77187,M,40,South Edgartown
85139,M,57,Jackmouth
49769,M,26,Garciafurt
18860,F,61,West Austin
48216,M,21,Mendozatown
32522,M,42,Michaelchester
37275,F,57,East Robert
92654,F,31,Wendyborough
60796,M,73,Joshuastad
98151,M,45,West Robertmouth
19327,F,26,Henryborough
77848,F,39,Simmonsview
99026,F,34,West Antonio
48813,F,75,West James
88937,M,34,East Veronicaville
29312,M,64,South Antonioton
21298,M,55,Wayneside
82746,M,35,Brandonbury
45270,F,71,Raytown
65819,M,34,East Michaelborough
14029,F,57,Lake Hayley
42097,F,63,West Daniel
78056,M,43,South Mark
29123,F,39,East Daleton
11363,M,63,Pattersonfort
47637,F,42,West Mary
72471,F,69,Mayland
55956,F,70,Smithville
60036,F,57,South Julieborough
65235,M,19,Joshuafort
68904,F,25,Chenmouth
11101,F,22,South Katiefurt
91161,M,25,Port Christopher
31593,F,44,Washingtonmouth
19180,F,50,New Lauramouth
21588,F,33,South Veronica
92632,M,26,North Jason
92429,M,50,Jonesville
99265,F,43,Garyville
12167,F,46,West Jeffreyview
22739,Unknown,24,South Matthewburgh
51408,M,59,Kiddmouth
98186,F,47,Lake Brianbury
31253,M,43,New Coleside
34709,F,19,West Nicholas
96221,M,31,East Tanyafurt
98713,M,37,Catherinebury
79880,Unknown,20,Scottburgh
79018,F,54,Port Samantha
88218,Unknown,40,Martinezshire
69327,F,72,Port Joseton
52134,M,65,West Rogerberg
39427,M,60,Connerstad
55371,Unknown,73,South Anthonyfurt
96190,M,18,Patriciaville
55421,M,26,New Shawn
36683,M,68,Ellisland
96700,F,64,South Anthony
15505,F,19,Jamiefort
46965,F,47,West Bradleymouth
73481,M,22,Bateshaven
32978,F,25,South Elizabeth
60294,F,26,Thomastown
27462,M,67,Johnfort
58481,Unknown,57,Taylorland
93038,M,36,North Michelletown
82649,M,60,Smithmouth
47335,F,49,East David
90319,F,69,South Jacquelineside
86183,F,72,Port Victoriashire
24175,M,25,Frazierbury
73858,M,42,South Robert
52435,M,18,West Kendrafort
11455,F,48,Wrightfort
93036,M,30,Smithburgh
76569,F,56,New Christopherside
13356,M,38,East Joseph
95980,F,75,Haileyville
13042,F,54,Martinside
64649,M,45,Alexanderberg
79954,F,31,West Carlosberg
73957,Unknown,24,Shawmouth
96551,F,25,Elliottmouth
85518,M,75,East Martin
82689,F,23,South Christine
87052,M,67,Webbburgh
35514,F,35,Port Matthewfort
78620,F,47,Tiffanyport
96418,F,64,New David
80018,M,65,Susanchester
25370,F,57,Port Markport
30282,Unknown,68,Webbton
11578,Unknown,35,Brayfurt
97390,F,71,Davidborough
22729,M,32,West Reginaldbury
32747,Unknown,71,Port Kimberlymouth
93277,F,70,Lake Jillton
31245,F,39,New Raymond
50842,Unknown,58,South Stephenport
42780,M,32,Port Craigfort
43949,F,27,Graystad
50142,Unknown,18,Port Kellyport
97111,F,33,East Brittany
88321,M,48,West Jerry
95344,M,61,Wrightmouth
88797,F,43,Robertmouth
88975,M,59,New Norma
52849,F,19,Katherineview
25985,M,65,Port Debbieborough
74178,M,52,Jonathanstad
16797,M,59,North Nancyville
61595,F,32,West Masonton
57134,F,42,Barronborough
54710,M,27,Huntberg
45307,F,68,West Anne
98156,F,48,Vasquezmouth
85771,F,56,Brownport
69632,Unknown,36,Port James
39305,M,32,Cindyberg
42739,M,43,Jenniferville
19510,M,25,Jaychester
79723,M,44,Popeview
58363,M,63,New Louis
54476,F,21,Tiffanyshire
81507,F,58,New Josephland
14376,M,34,Ericside
98227,F,75,North Stevenborough
32637,F,33,West Richard
32787,M,28,Lindsaybury
64016,F,61,Rodgershaven
38808,M,73,South Coltonport
48725,F,64,West Amanda
79047,M,62,Rhodesfurt
84001,M,67,East Robynmouth
24025,F,54,Brooksmouth
72324,M,64,Crosbyfort
93644,M,33,West Denisemouth
35717,F,34,Danielmouth
79189,M,66,Davidton
97433,Unknown,59,North Lisafort
46834,M,24,Charlesview
91867,F,45,North Stevenshire
15872,M,39,Reidchester
41333,M,43,Reidville
82894,Unknown,58,Johnstad
73282,M,24,Lake Alexandriachester
37729,F,48,East Erikton
48803,M,31,New Kristen
36855,F,43,Port Jo
40540,M,72,North Jimmyborough
17074,M,37,Benjaminburgh
62821,F,36,Larsonburgh
65571,M,20,Michaelside
19925,F,51,North Danielmouth
56744,F,27,Lake Lindafort
99850,F,50,Bakerside
91017,F,26,Millermouth
55304,F,34,North Janet
41567,F,32,New Jenniferberg
28844,M,51,Jasonfort
89576,F,26,Lake Jeanneview
95795,M,22,South Omarport
27117,F,66,West Jonathanmouth
39659,M,75,New Kurtmouth
63665,F,41,Stephenmouth
19863,F,24,South Thomasmouth
98418,F,63,East Hannahhaven
50575,M,29,Lake Sharonmouth
81790,Unknown,74,North Jonathanborough
78752,F,49,Lake Tinahaven
14520,F,69,Brookshaven
51391,F,31,Port Derek
95940,M,29,Coxfurt
19238,M,70,Donaldside
24744,Unknown,34,South Kristi
35625,Unknown,22,Lake Johnland
45508,F,53,Tonyamouth
49017,F,70,Shawnburgh
52278,M,21,East Sarah
14109,M,48,Romerostad
98997,M,59,Port Joseph
40188,F,75,Gilmoreberg
11645,F,65,Kelseyton
65284,M,75,Smithstad
45059,M,49,Lake Lorichester
60063,F,68,Jacobsside
27736,F,58,South Jonathan
26583,M,60,Lake Nicholas
27730,M,44,Tiffanystad
72159,M,64,Snyderborough
72238,F,74,Kevinland
38114,M,20,South Brianna
19405,F,23,Curtisshire
93547,M,65,South Christopherburgh
49262,Unknown,22,South Luishaven
97874,Unknown,71,Lake Matthew
76505,F,19,Armstrongberg
41014,M,34,West Deanna
94899,F,47,East Maryland
21391,M,28,Port Dana
99233,M,43,West Teresa
35246,F,46,West Lisa
65789,M,69,Pughton
68218,F,39,Markton
87200,M,68,Jefferyborough
87478,F,50,Williamton
35014,Unknown,33,Jamesland
73507,M,74,Beckerview
33203,M,62,Pettymouth
10792,F,49,East Lisaview
69895,M,50,South Carolynchester
19845,M,45,New Michaeltown
57116,F,60,Catherinestad
90219,M,58,West April
99259,F,62,Johntown
47814,F,39,East Johnton
55438,M,51,Port Jenniferchester
84328,M,54,Lake Kelly
35155,F,20,Blackchester
72701,F,56,Webbfort
43869,F,69,Traciburgh
57419,M,29,Alvaradobury
24147,M,29,Davistown
21838,M,70,Popeport
37330,F,49,West Molly
69487,F,62,Port Michaelville
64496,M,61,Bradleyview
11021,M,47,North James
21063,M,66,Dorseymouth
95274,F,45,Cassandramouth
11871,M,65,East Kevinchester
89789,M,71,Huffmanshire
92942,F,29,Ashleyside
21664,F,39,Simpsonshire
94070,M,67,West Tyler
97102,F,55,Port Justinbury
71609,M,24,South Kristenbury
54318,M,18,East Blakeborough
99887,F,50,North Wendyberg
97829,M,38,Lake Alison
46034,M,54,Ronaldborough
76076,F,29,Suttonfort
74233,F,60,New Miranda
33094,Unknown,68,Lake Loristad
99414,F,55,Jaclynview
49993,F,73,Scottville
24639,F,49,Garzaport
80803,M,26,South William
56431,M,42,Andreatown
77076,Unknown,71,Adamsbury
32363,M,61,Greenborough
84308,F,68,Lewisfort
20853,Unknown,39,West Alexfort
61650,M,29,Bradleyville
51729,F,23,Port Darrylstad
53843,F,38,New Kimberly
78972,Unknown,60,Robinsonstad
89875,F,30,East Jennifershire
44902,F,34,West Reginald
55905,F,73,Port Darren
94304,M,56,Lewisfort
55131,M,67,South Douglasland
63100,F,58,South Lisaland
27148,F,40,Kurtfurt
55134,M,46,Marthabury
88309,M,41,Robertmouth
33859,F,25,Laurietown
75395,M,64,Jesseburgh
98363,M,27,Hallbury
43591,M,37,Frankbury
11479,F,48,Jamesview
94141,M,48,North Jeannemouth
54371,Unknown,37,East Jamesborough
67967,Unknown,30,Hodgemouth
99828,F,72,Douglastown
92290,M,49,New Amberville
61427,M,71,New Sean
20658,M,34,North Kelsey
